Chr,Gene,RefAA,AAPos,AltAA
Pfcrt,PfCRT,K,76,T
Pfcrt,PfCRT,C,72,S
Pfcrt,PfCRT,V,73,V
Pfcrt,PfCRT,M,74,I
Pfcrt,PfCRT,N,75,E
Pfcrt,PfCRT,T,93,S
Pfcrt,PfCRT,H,97,Y
Pfcrt,PfCRT,F,145,I
Pfcrt,PfCRT,I,218,F
Pfcrt,PfCRT,A,220,S
Pfcrt,PfCRT,Q,271,E
Pfcrt,PfCRT,N,326,S
Pfcrt,PfCRT,M,343,L
Pfcrt,PfCRT,C,350,R
Pfcrt,PfCRT,G,353,V
Pfcrt,PfCRT,I,356,T
Pfcrt,PfCRT,R,371,I
Pfmdr1,PfMDR1,N,86,Y
Pfmdr1,PfMDR1,Y,184,F
Pfmdr1,PfMDR1,S,1034,C
Pfmdr1,PfMDR1,N,1042,D
Pfmdr1,PfMDR1,D,1246,Y
Pfk13,K13,P,441,L
Pfk13,K13,F,446,I
Pfk13,K13,G,449,A
Pfk13,K13,N,458,Y
Pfk13,K13,C,469,F
Pfk13,K13,C,469,Y
Pfk13,K13,M,476,I
Pfk13,K13,A,481,V
Pfk13,K13,Y,493,H
Pfk13,K13,R,515,K
Pfk13,K13,P,527,H
Pfk13,K13,N,537,I
Pfk13,K13,G,538,V
Pfk13,K13,R,539,T
Pfk13,K13,I,543,T
Pfk13,K13,P,553,L
Pfk13,K13,R,561,H
Pfk13,K13,V,568,G
Pfk13,K13,P,574,L
Pfk13,K13,A,578,S
Pfk13,K13,C,580,Y
Pfk13,K13,D,584,V
Pfk13,K13,R,622,I
Pfk13,K13,A,675,V
Pfdhfr,DHFR,A,16,V
Pfdhfr,DHFR,N,51,I
Pfdhfr,DHFR,C,59,R
Pfdhfr,DHFR,S,108,N
Pfdhfr,DHFR,I,164,L
Pfdhps,DHPS,S,436,A
Pfdhps,DHPS,A,437,G
Pfdhps,DHPS,K,540,E
Pfdhps,DHPS,A,581,G
Pfdhps,DHPS,A,613,S
